{
	"format_version": "1.12.0",
	"minecraft:geometry": [
		{
			"description": {
				"identifier": "geometry.blocks.customcrops.grape.stage_2_geo.soojcraft",
				"texture_width": 16,
				"texture_height": 16,
				"visible_bounds_width": 2,
				"visible_bounds_height": 3.5,
				"visible_bounds_offset": [0, 1.25, 0]
			},
			"bones": [
				{
					"name": "bone",
					"pivot": [8, 0, -8],
					"cubes": [
						{
							"origin": [-6, 14, 5],
							"size": [1, 16, 1],
							"uv": {
								"north": {"uv": [9.33333, 10.66667], "uv_size": [0.33333, 5.33333]},
								"east": {"uv": [8.33333, 10.66667], "uv_size": [0.33333, 5.33333]},
								"south": {"uv": [10.33333, 10.66667], "uv_size": [0.33333, 5.33333]},
								"west": {"uv": [7.66667, 10.66667], "uv_size": [0.33333, 5.33333]},
								"up": {"uv": [8.33333, 11.33333], "uv_size": [-0.33333, -0.33333]},
								"down": {"uv": [9, 14], "uv_size": [-0.33333, -0.33333]}
							}
						},
						{
							"origin": [-6, 0, -6],
							"size": [1, 16, 1],
							"uv": {
								"north": {"uv": [9.33333, 10.66667], "uv_size": [0.33333, 5.33333]},
								"east": {"uv": [8.33333, 10.66667], "uv_size": [0.33333, 5.33333]},
								"south": {"uv": [10.33333, 10.66667], "uv_size": [0.33333, 5.33333]},
								"west": {"uv": [7.66667, 10.66667], "uv_size": [0.33333, 5.33333]},
								"up": {"uv": [8.33333, 11.33333], "uv_size": [-0.33333, -0.33333]},
								"down": {"uv": [9, 14], "uv_size": [-0.33333, -0.33333]}
							}
						},
						{
							"origin": [-6, 14, -6],
							"size": [1, 16, 1],
							"uv": {
								"north": {"uv": [9.33333, 10.66667], "uv_size": [0.33333, 5.33333]},
								"east": {"uv": [8.33333, 10.66667], "uv_size": [0.33333, 5.33333]},
								"south": {"uv": [10.33333, 10.66667], "uv_size": [0.33333, 5.33333]},
								"west": {"uv": [7.66667, 10.66667], "uv_size": [0.33333, 5.33333]},
								"up": {"uv": [8.33333, 11.33333], "uv_size": [-0.33333, -0.33333]},
								"down": {"uv": [9, 14], "uv_size": [-0.33333, -0.33333]}
							}
						},
						{
							"origin": [-8, 28.25, -6.25],
							"size": [16, 1, 1],
							"uv": {
								"north": {"uv": [10.66667, 11.66667], "uv_size": [5.33333, 0.33333]},
								"east": {"uv": [13.66667, 12.33333], "uv_size": [0.33333, 0.33333]},
								"south": {"uv": [10.66667, 10.66667], "uv_size": [5.33333, 0.33333]},
								"west": {"uv": [11, 13], "uv_size": [0.33333, 0.33333]},
								"up": {"uv": [16, 13], "uv_size": [-5.33333, -0.33333]},
								"down": {"uv": [16, 13.66667], "uv_size": [-5.33333, -0.33333]}
							}
						},
						{
							"origin": [-8, 28.25, 5.25],
							"size": [16, 1, 1],
							"uv": {
								"north": {"uv": [10.66667, 11.66667], "uv_size": [5.33333, 0.33333]},
								"east": {"uv": [13.66667, 12.33333], "uv_size": [0.33333, 0.33333]},
								"south": {"uv": [10.66667, 10.66667], "uv_size": [5.33333, 0.33333]},
								"west": {"uv": [11, 13], "uv_size": [0.33333, 0.33333]},
								"up": {"uv": [16, 13], "uv_size": [-5.33333, -0.33333]},
								"down": {"uv": [16, 13.66667], "uv_size": [-5.33333, -0.33333]}
							}
						},
						{
							"origin": [5.25, 28, -8],
							"size": [1, 1, 16],
							"uv": {
								"north": {"uv": [8.66667, 13.66667], "uv_size": [0.33333, 0.33333]},
								"east": {"uv": [10.66667, 11], "uv_size": [5.33333, -0.33333]},
								"south": {"uv": [8, 11], "uv_size": [0.33333, 0.33333]},
								"west": {"uv": [10.66667, 12], "uv_size": [5.33333, -0.33333]},
								"up": {"uv": [8.66667, 10.66667], "uv_size": [-0.33333, 5.33333]},
								"down": {"uv": [8, 10.66667], "uv_size": [-0.33333, 5.33333]}
							}
						},
						{
							"origin": [-6.25, 28, -8],
							"size": [1, 1, 16],
							"uv": {
								"north": {"uv": [8.66667, 13.66667], "uv_size": [0.33333, 0.33333]},
								"east": {"uv": [10.66667, 11], "uv_size": [5.33333, -0.33333]},
								"south": {"uv": [8, 11], "uv_size": [0.33333, 0.33333]},
								"west": {"uv": [10.66667, 12], "uv_size": [5.33333, -0.33333]},
								"up": {"uv": [8.66667, 10.66667], "uv_size": [-0.33333, 5.33333]},
								"down": {"uv": [8, 10.66667], "uv_size": [-0.33333, 5.33333]}
							}
						},
						{
							"origin": [5, 14, 5],
							"size": [1, 16, 1],
							"uv": {
								"north": {"uv": [9.33333, 10.66667], "uv_size": [0.33333, 5.33333]},
								"east": {"uv": [8.33333, 10.66667], "uv_size": [0.33333, 5.33333]},
								"south": {"uv": [10.33333, 10.66667], "uv_size": [0.33333, 5.33333]},
								"west": {"uv": [7.66667, 10.66667], "uv_size": [0.33333, 5.33333]},
								"up": {"uv": [8.33333, 11.33333], "uv_size": [-0.33333, -0.33333]},
								"down": {"uv": [9, 14], "uv_size": [-0.33333, -0.33333]}
							}
						},
						{
							"origin": [5.5, 0, -8],
							"size": [0, 16, 16],
							"uv": {
								"west": {"uv": [5.33333, 0], "uv_size": [5.33333, 5.33333]}
							}
						},
						{
							"origin": [-5.5, 0, -8],
							"size": [0, 16, 16],
							"uv": {
								"east": {"uv": [5.33333, 0], "uv_size": [5.33333, 5.33333]}
							}
						},
						{
							"origin": [-8, 0, -5.5],
							"size": [16, 16, 0],
							"uv": {
								"north": {"uv": [5.33333, 0], "uv_size": [5.33333, 5.33333]}
							}
						},
						{
							"origin": [-8, 0, 5.5],
							"size": [16, 16, 0],
							"uv": {
								"south": {"uv": [5.33333, 0], "uv_size": [5.33333, 5.33333]}
							}
						},
						{
							"origin": [-6, 0, 5],
							"size": [1, 16, 1],
							"uv": {
								"north": {"uv": [9.33333, 10.66667], "uv_size": [0.33333, 5.33333]},
								"east": {"uv": [8.33333, 10.66667], "uv_size": [0.33333, 5.33333]},
								"south": {"uv": [10.33333, 10.66667], "uv_size": [0.33333, 5.33333]},
								"west": {"uv": [7.66667, 10.66667], "uv_size": [0.33333, 5.33333]},
								"up": {"uv": [8.33333, 11.33333], "uv_size": [-0.33333, -0.33333]},
								"down": {"uv": [9, 14], "uv_size": [-0.33333, -0.33333]}
							}
						},
						{
							"origin": [5, 0, 5],
							"size": [1, 16, 1],
							"uv": {
								"north": {"uv": [9.33333, 10.66667], "uv_size": [0.33333, 5.33333]},
								"east": {"uv": [8.33333, 10.66667], "uv_size": [0.33333, 5.33333]},
								"south": {"uv": [10.33333, 10.66667], "uv_size": [0.33333, 5.33333]},
								"west": {"uv": [7.66667, 10.66667], "uv_size": [0.33333, 5.33333]},
								"up": {"uv": [8.33333, 11.33333], "uv_size": [-0.33333, -0.33333]},
								"down": {"uv": [9, 14], "uv_size": [-0.33333, -0.33333]}
							}
						},
						{
							"origin": [5, 0, -6],
							"size": [1, 16, 1],
							"uv": {
								"north": {"uv": [9.33333, 10.66667], "uv_size": [0.33333, 5.33333]},
								"east": {"uv": [8.33333, 10.66667], "uv_size": [0.33333, 5.33333]},
								"south": {"uv": [10.33333, 10.66667], "uv_size": [0.33333, 5.33333]},
								"west": {"uv": [7.66667, 10.66667], "uv_size": [0.33333, 5.33333]},
								"up": {"uv": [8.33333, 11.33333], "uv_size": [-0.33333, -0.33333]},
								"down": {"uv": [9, 14], "uv_size": [-0.33333, -0.33333]}
							}
						},
						{
							"origin": [5, 14, -6],
							"size": [1, 16, 1],
							"uv": {
								"north": {"uv": [9.33333, 10.66667], "uv_size": [0.33333, 5.33333]},
								"east": {"uv": [8.33333, 10.66667], "uv_size": [0.33333, 5.33333]},
								"south": {"uv": [10.33333, 10.66667], "uv_size": [0.33333, 5.33333]},
								"west": {"uv": [7.66667, 10.66667], "uv_size": [0.33333, 5.33333]},
								"up": {"uv": [8.33333, 11.33333], "uv_size": [-0.33333, -0.33333]},
								"down": {"uv": [9, 14], "uv_size": [-0.33333, -0.33333]}
							}
						}
					]
				}
			]
		}
	]
}